-- phpMyAdmin SQL Dump
-- version 5.1.1
-- https://www.phpmyadmin.net/
--
-- Host: 127.0.0.1
-- Generation Time: Mar 25, 2022 at 09:01 AM
-- Server version: 10.4.21-MariaDB
-- PHP Version: 7.4.23

SET SQL_MODE = "NO_AUTO_VALUE_ON_ZERO";
START TRANSACTION;
SET time_zone = "+00:00";


/*!40101 SET @OLD_CHARACTER_SET_CLIENT=@@CHARACTER_SET_CLIENT */;
/*!40101 SET @OLD_CHARACTER_SET_RESULTS=@@CHARACTER_SET_RESULTS */;
/*!40101 SET @OLD_COLLATION_CONNECTION=@@COLLATION_CONNECTION */;
/*!40101 SET NAMES utf8mb4 */;

--
-- Database: `plan_hourxhour`
--

-- --------------------------------------------------------

--
-- Table structure for table `assets`
--

CREATE TABLE `assets` (
						  `asset_id` int(11) NOT NULL,
						  `site_id` int(11) NOT NULL,
						  `asset_name` varchar(45) COLLATE utf8mb4_spanish_ci NOT NULL,
						  `asset_control_number` varchar(255) COLLATE utf8mb4_spanish_ci NOT NULL,
						  `asset_work_center` varchar(255) COLLATE utf8mb4_spanish_ci NOT NULL,
						  `asset_active` tinyint(1) NOT NULL DEFAULT 1,
						  `asset_is_machine` tinyint(1) NOT NULL DEFAULT 0,
						  `asset_is_station` tinyint(1) NOT NULL DEFAULT 0,
						  `asset_is_pom` tinyint(1) NOT NULL DEFAULT 0,
						  `created_at` datetime DEFAULT NULL,
						  `updated_at` datetime DEFAULT NULL
) ENGINE=InnoDB DEFAULT CHARSET=utf8mb4 COLLATE=utf8mb4_spanish_ci;

--
-- Dumping data for table `assets`
--

INSERT INTO `assets` (`asset_id`, `site_id`, `asset_name`, `asset_control_number`, `asset_work_center`, `asset_active`, `asset_is_machine`, `asset_is_station`, `asset_is_pom`, `created_at`, `updated_at`) VALUES
																																																				(5, 12, 'CUR01', 'CUR01', 'CUR01', 1, 0, 0, 0, '0000-00-00 00:00:00', '0000-00-00 00:00:00'),
																																																				(6, 12, 'TIP30', 'MB21RF-40359-1', 'TIP30', 1, 0, 0, 0, '0000-00-00 00:00:00', '2021-11-30 23:53:37'),
																																																				(7, 12, 'TIP37', 'MB21RF-42235-1', 'TIP37', 1, 0, 0, 0, '0000-00-00 00:00:00', '0000-00-00 00:00:00'),
																																																				(8, 12, 'BOY20', 'MA30-38319', 'BOY20', 1, 0, 0, 1, '0000-00-00 00:00:00', '2021-12-01 01:43:56'),
																																																				(9, 12, 'CUR03', 'MJ21', 'CUR03', 1, 0, 0, 0, '0000-00-00 00:00:00', '0000-00-00 00:00:00'),
																																																				(10, 12, 'USON 05', 'USO05', 'L0113', 1, 0, 0, 0, '0000-00-00 00:00:00', '0000-00-00 00:00:00'),
																																																				(11, 12, 'SDRILL04', 'MF32-04', 'L0112', 1, 0, 0, 1, '0000-00-00 00:00:00', '2021-12-01 16:45:44'),
																																																				(12, 12, 'SDRILL11', 'MF32-11', 'L0110', 1, 0, 0, 0, '0000-00-00 00:00:00', '0000-00-00 00:00:00'),
																																																				(13, 12, 'SDRILL09', 'MF32-9', 'L0109', 1, 0, 0, 0, '0000-00-00 00:00:00', '0000-00-00 00:00:00'),
																																																				(14, 12, 'GUILLOTINA', 'F0242A', 'L0107', 1, 0, 0, 0, '0000-00-00 00:00:00', '0000-00-00 00:00:00'),
																																																				(15, 12, 'SLEEVE EXPANDER', 'F-11338 (3)', 'L0104', 1, 0, 0, 0, '0000-00-00 00:00:00', '0000-00-00 00:00:00'),
																																																				(16, 12, 'SLAM', 'F-11312B', 'L0104', 1, 0, 0, 0, '0000-00-00 00:00:00', '0000-00-00 00:00:00'),
																																																				(17, 12, 'DUO01', 'DUO01', 'L0101', 1, 0, 0, 0, '0000-00-00 00:00:00', '0000-00-00 00:00:00'),
																																																				(18, 12, 'PRI03', 'PRI 03', 'L0708', 1, 0, 0, 0, '0000-00-00 00:00:00', '0000-00-00 00:00:00'),
																																																				(19, 12, 'RAYOS X', 'RTX-MINI (3)', 'C2108', 1, 0, 0, 0, '0000-00-00 00:00:00', '0000-00-00 00:00:00'),
																																																				(20, 12, 'PONCHADO', 'PG-0009', 'C2105', 1, 0, 0, 0, '0000-00-00 00:00:00', '0000-00-00 00:00:00'),
																																																				(21, 12, 'DRILL', 'MF32-12 (RINGHT)', 'C2104', 1, 0, 0, 0, '0000-00-00 00:00:00', '0000-00-00 00:00:00'),
																																																				(22, 12, 'USON 04', 'USO 04', 'C2118', 1, 0, 0, 0, '0000-00-00 00:00:00', '0000-00-00 00:00:00'),
																																																				(23, 12, 'SLEEAVE EXPANDER', 'F-11339 (5)', 'C2113', 1, 0, 0, 0, '0000-00-00 00:00:00', '0000-00-00 00:00:00'),
																																																				(24, 12, 'SLAM', 'F-11312B (03)', 'C2113', 1, 0, 0, 0, '0000-00-00 00:00:00', '0000-00-00 00:00:00'),
																																																				(25, 12, 'TUBING EXPANDER', 'F-11338 (3) TUBE', 'C2113', 1, 0, 0, 0, '0000-00-00 00:00:00', '0000-00-00 00:00:00'),
																																																				(26, 11, 'DRILL PRESS 8 (DRILL ARTERIA 5X5)', 'MF32-12124', 'LT-15', 1, 0, 0, 0, '0000-00-00 00:00:00', '0000-00-00 00:00:00'),
																																																				(27, 11, 'DRILL PRESS (DRILL VENA COAXIAL)', 'MF32-12097', 'TOOL CLRIB/ENSAMBLE', 1, 0, 0, 0, '0000-00-00 00:00:00', '0000-00-00 00:00:00'),
																																																				(28, 11, 'DRILL PRESS (DRILL ARTERIA COAXIAL) ', 'MF32-12153', 'L109', 1, 0, 0, 0, '0000-00-00 00:00:00', '0000-00-00 00:00:00'),
																																																				(29, 11, 'DRILL PRESS (DRILL VENA 5X5)', 'MF32-12123', 'TOOL CLRIB/ENSAMBLE', 1, 0, 0, 0, '0000-00-00 00:00:00', '0000-00-00 00:00:00'),
																																																				(30, 11, 'BOY09', 'MA30-27521', 'BOY09', 1, 0, 0, 0, '0000-00-00 00:00:00', '0000-00-00 00:00:00'),
																																																				(31, 11, 'BOY11', 'MA30-28855', 'BOY11', 1, 0, 0, 0, '0000-00-00 00:00:00', '0000-00-00 00:00:00'),
																																																				(32, 11, 'TIP34', 'MB21RF-9306U', 'TIP34', 1, 0, 0, 0, '0000-00-00 00:00:00', '0000-00-00 00:00:00'),
																																																				(33, 11, 'TIP08', 'MB21RF-19', 'TIP08', 1, 0, 0, 0, '0000-00-00 00:00:00', '0000-00-00 00:00:00'),
																																																				(34, 11, 'TIP45', 'MB21RF-42628-2', 'TIP45', 1, 0, 0, 0, '0000-00-00 00:00:00', '0000-00-00 00:00:00'),
																																																				(35, 11, 'BEN01', 'BEN01', 'PRODUCCION / ENSAMEBLE', 1, 0, 0, 0, '0000-00-00 00:00:00', '0000-00-00 00:00:00'),
																																																				(36, 11, 'CUR02', 'CUR02', 'PRODUCCION / ENSAMEBLE', 1, 0, 0, 0, '0000-00-00 00:00:00', '0000-00-00 00:00:00'),
																																																				(37, 11, 'DRILL PRESS (DUO JET ARTERIA SMART DRILL)', 'MF32-30513-01', 'L822', 1, 0, 0, 0, '0000-00-00 00:00:00', '0000-00-00 00:00:00'),
																																																				(38, 11, 'SMART DRILLER SERVO', 'MF32-30513-02', 'L818', 1, 0, 0, 0, '0000-00-00 00:00:00', '0000-00-00 00:00:00'),
																																																				(39, 11, 'PRI02', 'PRI02', 'PRI02', 1, 0, 0, 0, '0000-00-00 00:00:00', '0000-00-00 00:00:00'),
																																																				(40, 11, 'PRI04', 'PRI04', 'PRI04', 1, 0, 0, 0, '0000-00-00 00:00:00', '0000-00-00 00:00:00'),
																																																				(41, 11, 'BOY31', 'MA30-41391', 'BOY31', 1, 0, 0, 0, '0000-00-00 00:00:00', '0000-00-00 00:00:00'),
																																																				(42, 11, 'TIP46', 'MB21RF-F050877', 'TIP46', 1, 0, 0, 0, '0000-00-00 00:00:00', '0000-00-00 00:00:00'),
																																																				(43, 15, 'TIPPING PLASTIC WELD SYSTEM (49) (TIP 19)', 'MB21RF-38827', 'TIP19', 1, 0, 0, 0, '0000-00-00 00:00:00', '0000-00-00 00:00:00'),
																																																				(44, 15, 'TIP33', 'MB21RF-40854-2', 'L819', 1, 0, 0, 0, '0000-00-00 00:00:00', '0000-00-00 00:00:00'),
																																																				(45, 15, 'TIP36', 'MB21RF-24', 'L0300', 1, 0, 0, 0, '0000-00-00 00:00:00', '0000-00-00 00:00:00'),
																																																				(46, 15, 'TIP43', 'MB21RF-42628-3', 'TIP 43 L0302', 1, 0, 0, 0, '0000-00-00 00:00:00', '0000-00-00 00:00:00'),
																																																				(47, 15, 'TIP38', 'MB21RF-41644-1', 'TIP 38', 1, 0, 0, 0, '0000-00-00 00:00:00', '0000-00-00 00:00:00'),
																																																				(48, 15, 'IMPRESORA ', 'IMP-012', 'IMP-012', 1, 0, 0, 0, '0000-00-00 00:00:00', '0000-00-00 00:00:00'),
																																																				(49, 15, 'IMPRESORA', 'IMP-015', 'IMP-015', 1, 0, 0, 0, '0000-00-00 00:00:00', '0000-00-00 00:00:00'),
																																																				(50, 15, 'IMPRESORA', 'IM-011', 'IM-011', 1, 0, 0, 0, '0000-00-00 00:00:00', '0000-00-00 00:00:00'),
																																																				(51, 15, 'SMART DRILL', 'MF32-15', 'L0400', 1, 0, 0, 0, '0000-00-00 00:00:00', '0000-00-00 00:00:00'),
																																																				(52, 15, 'SMART DRILL', 'MF32-14', 'L0406', 1, 0, 0, 0, '0000-00-00 00:00:00', '0000-00-00 00:00:00'),
																																																				(53, 15, 'SMART DRILL', 'MF32-53', 'L0407', 1, 0, 0, 0, '0000-00-00 00:00:00', '0000-00-00 00:00:00'),
																																																				(54, 15, 'DRILL MANUAL', 'MF31-17', 'L0214', 1, 0, 0, 0, '0000-00-00 00:00:00', '0000-00-00 00:00:00'),
																																																				(55, 15, 'DRILL MANUAL', 'MF31-13', 'L0308', 1, 0, 0, 0, '0000-00-00 00:00:00', '0000-00-00 00:00:00'),
																																																				(56, 15, 'SHEATH TEARAWAY PUNCHING', 'PUNCH-388', 'L0215', 1, 0, 0, 0, '0000-00-00 00:00:00', '0000-00-00 00:00:00'),
																																																				(57, 15, 'TEFLON SHEATH PUNCHING', 'MF23-4', 'L0216', 1, 0, 0, 0, '0000-00-00 00:00:00', '0000-00-00 00:00:00'),
																																																				(58, 15, 'TEFLON SHEATH PUNCHING', 'MF23-5', 'L0217', 1, 0, 0, 0, '0000-00-00 00:00:00', '0000-00-00 00:00:00'),
																																																				(59, 15, 'TEFLON SHEATH TIPPING ', 'MB12-6', 'L0218', 1, 0, 0, 0, '0000-00-00 00:00:00', '0000-00-00 00:00:00'),
																																																				(60, 15, 'TEFLON SHEATH TIPPING ', 'MB12-7', 'L0219', 1, 0, 0, 0, '0000-00-00 00:00:00', '0000-00-00 00:00:00'),
																																																				(61, 15, 'TEFLON SHEATH TIPPING ', 'MB12-8', 'L0220', 1, 0, 0, 0, '0000-00-00 00:00:00', '0000-00-00 00:00:00'),
																																																				(62, 15, 'TEFLON SHEATH TIPPING ', 'MB12-9', 'L0221', 1, 0, 0, 0, '0000-00-00 00:00:00', '0000-00-00 00:00:00'),
																																																				(63, 15, 'PULIDORA PL671', 'PL671', 'GND04', 1, 0, 0, 0, '0000-00-00 00:00:00', '0000-00-00 00:00:00'),
																																																				(64, 15, 'PULIDORA PL007', 'PL007', 'GND03', 1, 0, 0, 0, '0000-00-00 00:00:00', '0000-00-00 00:00:00'),
																																																				(65, 15, 'TIP44 ', 'TIP#44 ', 'TIP44', 1, 0, 0, 0, '0000-00-00 00:00:00', '0000-00-00 00:00:00'),
																																																				(66, 14, 'BOY03', 'MA30-38007', 'BOY03', 1, 0, 0, 0, '0000-00-00 00:00:00', '0000-00-00 00:00:00'),
																																																				(67, 14, 'BOY13', 'MA30-38018', 'BOY13', 1, 0, 0, 0, '2038-01-08 08:00:00', '0000-00-00 00:00:00'),
																																																				(68, 14, 'BOY22', 'MA30-38325', 'BOY22', 1, 0, 0, 0, '0000-00-00 00:00:00', '0000-00-00 00:00:00'),
																																																				(69, 14, 'PRI03', 'PRI03', 'PRI03', 1, 0, 0, 0, '0000-00-00 00:00:00', '0000-00-00 00:00:00'),
																																																				(70, 14, 'IMPRESORA PRINTEX ', 'MD143-0', 'AREA DE PRINTEX', 1, 0, 0, 0, '0000-00-00 00:00:00', '0000-00-00 00:00:00'),
																																																				(71, 14, 'PRINTER STAMPING', 'HSP-2229', 'L0509', 1, 0, 0, 0, '0000-00-00 00:00:00', '0000-00-00 00:00:00'),
																																																				(72, 14, 'IMPRESORA PRINTEX PRI01', 'PRI01', 'PRI01', 1, 0, 0, 0, '0000-00-00 00:00:00', '0000-00-00 00:00:00'),
																																																				(73, 14, 'IMPRESORA TRANSTECH ORI01', 'MD141-7', 'ORI01', 1, 0, 0, 0, '0000-00-00 00:00:00', '0000-00-00 00:00:00'),
																																																				(74, 14, 'IMPRESORA TRANSTECH ORI02', 'IMP-013', 'ORI02', 1, 0, 0, 0, '0000-00-00 00:00:00', '0000-00-00 00:00:00'),
																																																				(75, 14, 'BRANSON', 'MK10-1', 'L0717', 1, 0, 0, 0, '0000-00-00 00:00:00', '0000-00-00 00:00:00'),
																																																				(76, 14, 'LEAK TESTER USON USO-02', 'USO-02', 'L0718', 1, 0, 0, 0, '0000-00-00 00:00:00', '0000-00-00 00:00:00'),
																																																				(77, 14, 'LEAK TESTER USON IB11-12', 'IB11-12', 'L0719', 1, 0, 0, 0, '0000-00-00 00:00:00', '0000-00-00 00:00:00'),
																																																				(78, 14, 'ADHESIVE DISPENSING (EFD)', 'EFD2415-01', 'L0713', 1, 0, 0, 0, '0000-00-00 00:00:00', '0000-00-00 00:00:00'),
																																																				(79, 14, 'UV-LOCTITE CUREJET', 'UV-077-03', 'L0713', 1, 0, 0, 0, '0000-00-00 00:00:00', '0000-00-00 00:00:00'),
																																																				(80, 14, 'BOY37', 'MA30-41610', 'BOY 37', 1, 0, 0, 0, '0000-00-00 00:00:00', '0000-00-00 00:00:00'),
																																																				(81, 8, 'IPC01', 'MA30-15023', 'IPC01', 1, 0, 0, 0, '2015-02-03 08:00:00', '0000-00-00 00:00:00'),
																																																				(82, 8, 'IPC02', 'MA30-15016', 'IPC02', 1, 0, 0, 0, '2015-01-06 08:00:00', '0000-00-00 00:00:00'),
																																																				(83, 8, 'BOY02', 'MA30-28964', 'BOY02', 1, 0, 0, 0, '0000-00-00 00:00:00', '0000-00-00 00:00:00'),
																																																				(84, 8, 'BOY05', 'MA30-19046', 'BOY05', 1, 0, 0, 0, '2019-04-06 07:00:00', '0000-00-00 00:00:00'),
																																																				(85, 8, 'BOY07', 'MA30-22306', 'BOY07', 1, 0, 0, 0, '0000-00-00 00:00:00', '0000-00-00 00:00:00'),
																																																				(86, 8, 'BOY10', 'MA30-28649', 'BOY10', 1, 0, 0, 0, '0000-00-00 00:00:00', '0000-00-00 00:00:00'),
																																																				(87, 8, 'EXT-1', 'EX01', 'EXT-1', 1, 0, 0, 0, '0000-00-00 00:00:00', '0000-00-00 00:00:00'),
																																																				(88, 8, 'EXT-7', 'EX07', 'EXT-7', 1, 0, 0, 0, '0000-00-00 00:00:00', '0000-00-00 00:00:00'),
																																																				(89, 8, 'EXT-10', 'EX10', 'EXT-10', 1, 0, 0, 0, '0000-00-00 00:00:00', '0000-00-00 00:00:00'),
																																																				(90, 8, 'EXT-14', 'EX14', 'EXT-14', 1, 0, 0, 0, '0000-00-00 00:00:00', '0000-00-00 00:00:00'),
																																																				(91, 8, 'BOY12', 'MA30-28998', 'BOY12', 1, 0, 0, 0, '0000-00-00 00:00:00', '0000-00-00 00:00:00'),
																																																				(92, 8, 'BOY14', 'MA30-38116', 'BOY14', 1, 0, 0, 0, '0000-00-00 00:00:00', '0000-00-00 00:00:00'),
																																																				(93, 8, 'BOY15', 'MA30-39516', 'BOY15', 1, 0, 0, 0, '0000-00-00 00:00:00', '0000-00-00 00:00:00'),
																																																				(94, 8, 'BOY16', 'MA30-38257', 'BOY16', 1, 0, 0, 0, '0000-00-00 00:00:00', '0000-00-00 00:00:00'),
																																																				(95, 8, 'BOY18', 'MA30-38276', 'BOY18', 1, 0, 0, 0, '0000-00-00 00:00:00', '0000-00-00 00:00:00'),
																																																				(96, 8, 'BOY19', 'MA30-27585', 'BOY19', 1, 0, 0, 0, '0000-00-00 00:00:00', '0000-00-00 00:00:00'),
																																																				(97, 8, 'BOY21', 'MA30-38326', 'BOY21', 1, 0, 0, 0, '0000-00-00 00:00:00', '0000-00-00 00:00:00'),
																																																				(98, 8, 'BOY24', 'MA30-41167', 'BOY24', 1, 0, 0, 0, '0000-00-00 00:00:00', '0000-00-00 00:00:00'),
																																																				(99, 8, 'BOY27', 'REGO-900020', 'BOY27', 1, 0, 0, 0, '0000-00-00 00:00:00', '0000-00-00 00:00:00'),
																																																				(100, 8, 'BOY30', 'REGO-10019', 'BOY30', 1, 0, 0, 0, '0000-00-00 00:00:00', '0000-00-00 00:00:00'),
																																																				(101, 8, 'ATJ01', 'MA20-2', 'ATJ01', 1, 0, 0, 0, '0000-00-00 00:00:00', '0000-00-00 00:00:00'),
																																																				(102, 8, 'ATJ02', 'MA20-1', 'ATJ02', 1, 0, 0, 0, '0000-00-00 00:00:00', '0000-00-00 00:00:00'),
																																																				(103, 8, 'ATJ03', 'MA20-5', 'ATJ03', 1, 0, 0, 0, '0000-00-00 00:00:00', '0000-00-00 00:00:00'),
																																																				(104, 8, 'ATJ04', 'MA20-981', 'ATJ04', 1, 0, 0, 0, '0000-00-00 00:00:00', '0000-00-00 00:00:00'),
																																																				(105, 8, 'ATJ06', 'MA20-1086', 'ATJ06', 1, 0, 0, 0, '0000-00-00 00:00:00', '0000-00-00 00:00:00'),
																																																				(106, 8, 'ATJ08', 'MA20-0577', 'ATJ08', 1, 0, 0, 0, '0000-00-00 00:00:00', '0000-00-00 00:00:00'),
																																																				(107, 8, 'TIP03', 'MB21RF-14', 'TIP03', 1, 0, 0, 0, '0000-00-00 00:00:00', '0000-00-00 00:00:00'),
																																																				(108, 8, 'TIP04', 'MB21RF-15', 'TIP04', 1, 0, 0, 0, '0000-00-00 00:00:00', '0000-00-00 00:00:00'),
																																																				(109, 8, 'TIP05', 'MB21RF-10', 'TIP05', 1, 0, 0, 0, '0000-00-00 00:00:00', '0000-00-00 00:00:00'),
																																																				(110, 8, 'TIP06', 'MB21RF-12', 'TIP06', 1, 0, 0, 0, '0000-00-00 00:00:00', '0000-00-00 00:00:00'),
																																																				(111, 8, 'TIP07', 'MB21RF-13', 'TIP07', 1, 0, 0, 0, '0000-00-00 00:00:00', '0000-00-00 00:00:00'),
																																																				(112, 8, 'TIP11', 'MB21RF-16', 'TIP11', 1, 0, 0, 0, '0000-00-00 00:00:00', '0000-00-00 00:00:00'),
																																																				(113, 8, 'TIP13', 'MB21RF-6470', 'TIP13', 1, 0, 0, 0, '0000-00-00 00:00:00', '0000-00-00 00:00:00'),
																																																				(114, 8, 'TIP14', 'MB21RF-6554', 'TIP14', 1, 0, 0, 0, '0000-00-00 00:00:00', '0000-00-00 00:00:00'),
																																																				(115, 8, 'TIP15', 'MB21RF-26', 'TIP15', 1, 0, 0, 0, '0000-00-00 00:00:00', '0000-00-00 00:00:00'),
																																																				(116, 8, 'TIP16', 'MB21RF-11', 'TIP16', 1, 0, 0, 0, '0000-00-00 00:00:00', '0000-00-00 00:00:00'),
																																																				(117, 8, 'TIP17', 'MB21RF-41031', 'TIP17', 1, 0, 0, 0, '0000-00-00 00:00:00', '0000-00-00 00:00:00'),
																																																				(118, 8, 'TIP18', 'MB21RF-38772', 'TIP18', 1, 0, 0, 0, '0000-00-00 00:00:00', '0000-00-00 00:00:00'),
																																																				(119, 8, 'TIP20', 'MB21RF-28', 'TIP20', 1, 0, 0, 0, '0000-00-00 00:00:00', '0000-00-00 00:00:00'),
																																																				(120, 8, 'TIP21', 'MB21RF-29', 'TIP21', 1, 0, 0, 0, '0000-00-00 00:00:00', '0000-00-00 00:00:00'),
																																																				(121, 8, 'TIP22', 'MB21RF-39381', 'TIP22', 1, 0, 0, 0, '0000-00-00 00:00:00', '0000-00-00 00:00:00'),
																																																				(122, 8, 'TIP23', 'MB21RF-39493-1', 'TIP23', 1, 0, 0, 0, '0000-00-00 00:00:00', '0000-00-00 00:00:00'),
																																																				(123, 8, 'TIP24', 'MB21RF-39493-2', 'TIP24', 1, 0, 0, 0, '0000-00-00 00:00:00', '0000-00-00 00:00:00'),
																																																				(124, 8, 'TIP25', 'MB21RF-30', 'TIP25', 1, 0, 0, 0, '0000-00-00 00:00:00', '0000-00-00 00:00:00'),
																																																				(125, 8, 'TIP26', 'MB21RF-39730-1', 'TIP26', 1, 0, 0, 0, '0000-00-00 00:00:00', '0000-00-00 00:00:00'),
																																																				(126, 8, 'TIP27', 'MB21RF-20', 'TIP27', 1, 0, 0, 0, '0000-00-00 00:00:00', '0000-00-00 00:00:00'),
																																																				(127, 8, 'TIP28', 'MB21RF-23', 'TIP28', 1, 0, 0, 0, '0000-00-00 00:00:00', '0000-00-00 00:00:00'),
																																																				(128, 8, 'TIP29', 'MB21RF-39763', 'TIP29', 1, 0, 0, 0, '0000-00-00 00:00:00', '0000-00-00 00:00:00'),
																																																				(129, 8, 'TIP39', 'MB21RF-42411-1', 'TIP39', 1, 0, 0, 0, '0000-00-00 00:00:00', '0000-00-00 00:00:00'),
																																																				(130, 8, 'TIP40', 'MB21RF-42411-2', 'TIP40', 1, 0, 0, 0, '0000-00-00 00:00:00', '0000-00-00 00:00:00'),
																																																				(131, 8, 'TIP41', 'MB21RF-27', 'TIP41', 1, 0, 0, 0, '0000-00-00 00:00:00', '0000-00-00 00:00:00'),
																																																				(132, 8, 'TIP42', 'MB21RF-17', 'TIP42', 1, 0, 0, 0, '0000-00-00 00:00:00', '0000-00-00 00:00:00'),
																																																				(133, 8, 'SIM-01', 'MA11-3', 'SIM-01', 1, 0, 0, 0, '0000-00-00 00:00:00', '0000-00-00 00:00:00'),
																																																				(134, 8, 'TIP47', 'TIP 47', 'TIP47', 1, 0, 0, 0, '0000-00-00 00:00:00', '0000-00-00 00:00:00'),
																																																				(135, 8, 'TIP48', 'MB21RF-54D', 'TIP48', 1, 0, 0, 0, '0000-00-00 00:00:00', '0000-00-00 00:00:00'),
																																																				(136, 8, 'SEBRA-01', 'MB21RF-42', 'SEBRA-01', 1, 0, 0, 0, '0000-00-00 00:00:00', '0000-00-00 00:00:00'),
																																																				(137, 8, 'BOY32', 'MA30-41522', 'BOY32', 1, 0, 0, 0, '0000-00-00 00:00:00', '0000-00-00 00:00:00'),
																																																				(138, 8, 'DRYER DRI-AIR', 'DRYER-2925', 'DRYER-2925', 1, 0, 0, 0, '0000-00-00 00:00:00', '0000-00-00 00:00:00'),
																																																				(139, 8, 'SEBRA-0233', 'SEBRA-0233', 'SEBRA-0233', 1, 0, 0, 0, '0000-00-00 00:00:00', '0000-00-00 00:00:00'),
																																																				(140, 8, 'PULLER RDN/TAPER', 'PULLER RDN/TAPER', 'PULLER RND/TAPER', 1, 0, 0, 0, '0000-00-00 00:00:00', '0000-00-00 00:00:00'),
																																																				(141, 8, 'PULLER SCN-S1', 'PULLER SCN-S1', 'PULLER SCN-S1', 1, 0, 0, 0, '0000-00-00 00:00:00', '0000-00-00 00:00:00'),
																																																				(142, 8, 'PULLER RDN/EXT 07', 'PULLER RDN/EXT 07', 'PULLER RND/EXT 07', 1, 0, 0, 0, '0000-00-00 00:00:00', '0000-00-00 00:00:00'),
																																																				(143, 8, 'PULLER CONAIR', 'PULLER CONAIR', 'PULLER CONAIR', 1, 0, 0, 0, '0000-00-00 00:00:00', '0000-00-00 00:00:00'),
																																																				(144, 8, 'SECADORES MULTIPLES EXTRUSION', 'DRYER-1004', 'SECADORES EXTRUSION', 1, 0, 0, 0, '0000-00-00 00:00:00', '0000-00-00 00:00:00'),
																																																				(145, 8, 'SECADORES MULTIPLES MOLDEO', 'DRYER-4BAN', 'SECADOR MULTIPLE MOLDEO', 1, 0, 0, 0, '0000-00-00 00:00:00', '0000-00-00 00:00:00'),
																																																				(146, 13, 'ATJ07', 'MA20-0684', 'ATJ07', 1, 0, 0, 0, '2021-11-02 01:22:47', NULL),
																																																				(147, 13, 'TIP32', 'MB21RF-40854-1', 'TIP32', 1, 0, 0, 1, '2021-11-02 01:23:47', '2021-11-30 23:52:50'),
																																																				(148, 13, 'TIP31', 'MB21RF-40800-1', 'TIP31', 1, 0, 0, 1, '2021-11-02 01:27:29', '2021-12-01 22:10:30'),
																																																				(149, 13, 'TIP35', 'MB21RF-25', 'TIP35', 1, 0, 0, 1, '2021-11-02 01:28:14', '2021-12-01 22:10:39'),
																																																				(150, 13, 'TIP11', 'TIP11', 'TIP11', 1, 0, 0, 1, '2021-11-02 01:28:54', '2021-12-01 22:10:22'),
																																																				(151, 13, 'BOY25', 'BOY25', 'BOY25', 1, 0, 0, 1, '2021-11-02 01:29:25', '2021-11-30 23:53:04'),
																																																				(152, 13, 'SELLADORA VERTROD SE02', 'SE02', 'SE02', 1, 0, 0, 1, '2021-11-02 01:29:58', '2021-11-30 23:53:18'),
																																																				(153, 16, 'ATJ05', 'ATJ05', 'ATJ05', 1, 0, 0, 0, '2021-11-02 01:31:11', NULL),
																																																				(154, 16, 'SELLADORA PACKWORLD', 'PW', 'PW', 1, 0, 0, 0, '2021-11-02 01:31:38', NULL),
																																																				(155, 17, 'IMPRESORA COMEC INK 60 LPE', 'INK02', 'INK02', 1, 0, 0, 0, '2021-11-02 01:33:25', NULL),
																																																				(156, 17, 'IMPRESORA COMEC INK 60 LPE 01', 'INK01', 'INK01', 1, 0, 0, 0, '2021-11-02 01:34:00', NULL),
																																																				(157, 18, 'HOT AIR VULCANIZATION OVEN', 'HAV07', 'POINT MEDIC', 1, 0, 0, 0, '0000-00-00 00:00:00', '0000-00-00 00:00:00'),
																																																				(158, 18, 'HOT AIR VULCANIZATION OVEN', 'HAV8', 'POINT MEDIC', 1, 0, 0, 0, '0000-00-00 00:00:00', '0000-00-00 00:00:00'),
																																																				(159, 18, 'HOT AIR VULCANIZATION OVEN (FULL STACK)', 'HAV10', 'HAV10', 1, 0, 0, 0, '0000-00-00 00:00:00', '0000-00-00 00:00:00'),
																																																				(160, 18, 'HOT AIR VULCANIZATION OVEN (HALFSTACK)', 'HAV11', 'EXTRUSION/P', 1, 0, 0, 0, '0000-00-00 00:00:00', '0000-00-00 00:00:00'),
																																																				(161, 18, 'HOT AIR VULCANIZATION OVEN (HALFSTACK)', 'HAV9', 'POINT MEDIC', 1, 0, 0, 0, '2024-12-03 08:00:00', '0000-00-00 00:00:00'),
																																																				(162, 18, 'SILICONE EXTRUDER #12', 'EXT-767', 'POINT MEDIC', 1, 0, 0, 0, '0000-00-00 00:00:00', '0000-00-00 00:00:00'),
																																																				(163, 18, 'SILICONE EXTRUDER #14', 'EXT-768', 'POINT MEDIC', 1, 0, 0, 0, '0000-00-00 00:00:00', '0000-00-00 00:00:00'),
																																																				(164, 18, 'SILICONE EXTRUDER #2', 'EX02-P', 'POINT MEDIC', 1, 0, 0, 0, '0000-00-00 00:00:00', '0000-00-00 00:00:00'),
																																																				(165, 18, 'SILICON EXTRUDER AMERICAN KHUNE 11', 'EXT-11', 'EXT-11', 1, 0, 0, 0, '0000-00-00 00:00:00', '0000-00-00 00:00:00'),
																																																				(166, 18, 'HOT AIR VOLCANIZATION OVEN', 'HAV-7', 'HAV-7', 1, 0, 0, 0, '0000-00-00 00:00:00', '0000-00-00 00:00:00'),
																																																				(167, 18, 'HOT AIR VOLCANIZATION OVEN', 'HAV-8', 'HAV-8', 1, 0, 0, 0, '0000-00-00 00:00:00', '0000-00-00 00:00:00'),
																																																				(168, 18, 'HOT AIR VOLCANIZATION OVEN', 'HAV-9', 'HAV-9', 1, 0, 0, 0, '0000-00-00 00:00:00', '0000-00-00 00:00:00'),
																																																				(169, 18, 'HOT AIR VOLCANIZATION OVEN', 'HAV-10', 'HAV-10', 1, 0, 0, 0, '0000-00-00 00:00:00', '0000-00-00 00:00:00'),
																																																				(170, 18, 'HOT AIR VOLCANIZATION OVEN', 'HAV-11', 'HAV-11', 1, 0, 0, 0, '0000-00-00 00:00:00', '0000-00-00 00:00:00'),
																																																				(171, 20, 'STARVIEW', 'SM-2027', 'STARVIEW', 1, 0, 0, 0, '0000-00-00 00:00:00', '0000-00-00 00:00:00'),
																																																				(172, 20, 'ATLAS01', 'SEALER 1830-2', 'ATLAS01', 1, 0, 0, 0, '0000-00-00 00:00:00', '0000-00-00 00:00:00'),
																																																				(173, 20, 'ATLAS02', 'SEALER 1830', 'ATLAS02', 1, 0, 0, 0, '0000-00-00 00:00:00', '0000-00-00 00:00:00'),
																																																				(174, 20, 'PW-01', 'PW-10048', 'PW-01', 1, 0, 0, 0, '2010-04-08 07:00:00', '0000-00-00 00:00:00'),
																																																				(175, 20, 'PW-02', 'PW-05646', 'PW-02', 1, 0, 0, 0, '0000-00-00 00:00:00', '0000-00-00 00:00:00'),
																																																				(176, 20, 'PW-03', 'PW-11198', 'PW-03', 1, 0, 0, 0, '0000-00-00 00:00:00', '0000-00-00 00:00:00'),
																																																				(177, 20, 'PW-04', 'PW-238916', 'PW-04', 1, 0, 0, 0, '0000-00-00 00:00:00', '0000-00-00 00:00:00'),
																																																				(178, 20, 'PW-05', 'PW-239016', 'PW-05', 1, 0, 0, 0, '0000-00-00 00:00:00', '0000-00-00 00:00:00'),
																																																				(179, 20, 'TOYO01', 'SI-35IV-01', 'TOYO-01', 1, 0, 0, 0, '0000-00-00 00:00:00', '0000-00-00 00:00:00'),
																																																				(180, 20, 'TOYO02', 'SI-35IV-02', 'TOYO-02', 1, 0, 0, 0, '0000-00-00 00:00:00', '0000-00-00 00:00:00'),
																																																				(181, 20, 'TOYO03', 'SI-35V-03', 'TOYO-03', 1, 0, 0, 0, '0000-00-00 00:00:00', '0000-00-00 00:00:00'),
																																																				(182, 20, 'TOYO04', 'D-MA-1306001', 'TOYO-04', 1, 0, 0, 0, '0000-00-00 00:00:00', '0000-00-00 00:00:00'),
																																																				(183, 20, 'TOYO05', 'D-MA-1284006', 'TOYO-05', 1, 0, 0, 0, '0000-00-00 00:00:00', '0000-00-00 00:00:00'),
																																																				(184, 20, 'TOYO06', 'D-MA-1284007', 'TOYO-06', 1, 0, 0, 0, '0000-00-00 00:00:00', '0000-00-00 00:00:00'),
																																																				(185, 20, 'BOY17', 'MA30-38275', 'BOY17', 1, 0, 0, 0, '0000-00-00 00:00:00', '0000-00-00 00:00:00'),
																																																				(186, 20, 'BOY26', 'MA30-41221', 'BOY26', 1, 0, 0, 0, '0000-00-00 00:00:00', '0000-00-00 00:00:00'),
																																																				(187, 20, 'BOY28', 'MA30-41056', 'BOY28', 1, 0, 0, 0, '0000-00-00 00:00:00', '0000-00-00 00:00:00'),
																																																				(188, 20, 'BOY29', 'MA30-41267', 'BOY29', 1, 0, 0, 0, '0000-00-00 00:00:00', '0000-00-00 00:00:00'),
																																																				(189, 20, 'ZEB01', 'ZEB-817', 'ZEB01', 1, 0, 0, 0, '0000-00-00 00:00:00', '0000-00-00 00:00:00'),
																																																				(190, 20, 'ZEB02', 'ZEB-540', 'ZEB02', 1, 0, 0, 0, '0000-00-00 00:00:00', '0000-00-00 00:00:00'),
																																																				(191, 20, 'ZEB03', 'ZEB-499', 'ZEB03', 1, 0, 0, 0, '0000-00-00 00:00:00', '0000-00-00 00:00:00'),
																																																				(192, 20, 'ZEB04', 'ZEB-231', 'ZEB04', 1, 0, 0, 0, '0000-00-00 00:00:00', '0000-00-00 00:00:00'),
																																																				(193, 20, 'EXPANDER', 'F-113128 / F-11338', 'L1304', 1, 0, 0, 0, '0000-00-00 00:00:00', '0000-00-00 00:00:00'),
																																																				(194, 20, 'EXPANDER', 'EXP 06 / 09', 'L1308', 1, 0, 0, 0, '0000-00-00 00:00:00', '0000-00-00 00:00:00'),
																																																				(195, 20, 'USO01', 'USO01', 'L1306', 1, 0, 0, 0, '0000-00-00 00:00:00', '0000-00-00 00:00:00'),
																																																				(196, 20, 'SILICONIZADO', 'MK 20-34', 'L1104', 1, 0, 0, 0, '0000-00-00 00:00:00', '0000-00-00 00:00:00'),
																																																				(197, 20, 'F-14215', 'DX515', 'HN02', 1, 0, 0, 0, '0000-00-00 00:00:00', '0000-00-00 00:00:00'),
																																																				(198, 20, 'F-13502', 'DX5510758', 'HN03', 1, 0, 0, 0, '0000-00-00 00:00:00', '0000-00-00 00:00:00'),
																																																				(199, 20, 'F-13820-C', 'HN04', 'HN04', 1, 0, 0, 0, '0000-00-00 00:00:00', '0000-00-00 00:00:00'),
																																																				(200, 20, 'SYMETREX', 'F-15341', 'L1301', 1, 0, 0, 0, '0000-00-00 00:00:00', '0000-00-00 00:00:00'),
																																																				(201, 20, 'TANQUE DE ALCOHOL', 'TANK05071399', 'TANQUE DE ALCOHOL', 1, 0, 0, 0, '0000-00-00 00:00:00', '0000-00-00 00:00:00'),
																																																				(202, 20, 'TANQUE DE ALCOHOL', 'TANK01', 'TANK01', 1, 0, 0, 0, '0000-00-00 00:00:00', '0000-00-00 00:00:00'),
																																																				(203, 20, 'PB-05', 'PB-05', 'PB-05', 1, 0, 0, 0, '0000-00-00 00:00:00', '0000-00-00 00:00:00'),
																																																				(204, 20, 'PB-06', 'PB-06', 'PB-06', 1, 0, 0, 0, '0000-00-00 00:00:00', '0000-00-00 00:00:00'),
																																																				(205, 20, 'PB-07', 'PB-07', 'PB-07', 1, 0, 0, 0, '0000-00-00 00:00:00', '0000-00-00 00:00:00'),
																																																				(206, 20, 'PB-08', 'PB-08', 'PB-08', 1, 0, 0, 0, '0000-00-00 00:00:00', '0000-00-00 00:00:00'),
																																																				(207, 20, 'CP-04', 'CP-04', 'CP-04', 1, 0, 0, 0, '0000-00-00 00:00:00', '0000-00-00 00:00:00'),
																																																				(208, 20, 'CP-05', 'CP-05', 'CP-05', 1, 0, 0, 0, '0000-00-00 00:00:00', '0000-00-00 00:00:00'),
																																																				(209, 20, 'CP-06', 'CP-06', 'CP-06', 1, 0, 0, 0, '0000-00-00 00:00:00', '0000-00-00 00:00:00'),
																																																				(210, 20, 'CP-07', 'CP-07', 'CP-07', 1, 0, 0, 0, '0000-00-00 00:00:00', '0000-00-00 00:00:00'),
																																																				(211, 20, 'FORM1', 'FORM1', 'FORM1', 1, 0, 0, 0, '0000-00-00 00:00:00', '0000-00-00 00:00:00'),
																																																				(212, 20, 'FORM2', 'FORM2', 'FORM2', 1, 0, 0, 0, '0000-00-00 00:00:00', '0000-00-00 00:00:00'),
																																																				(213, 20, 'ARBORPRESS', 'P4-07', 'P4-07', 1, 0, 0, 0, '0000-00-00 00:00:00', '0000-00-00 00:00:00'),
																																																				(214, 20, 'TEN HOLES', 'P4-04', 'P4-04', 1, 0, 0, 0, '0000-00-00 00:00:00', '0000-00-00 00:00:00'),
																																																				(215, 20, 'QUALITEK', 'P1-08', 'P1-08', 1, 0, 0, 0, '0000-00-00 00:00:00', '0000-00-00 00:00:00'),
																																																				(216, 20, 'MESA DE TRABAJO', 'PP-03', 'PP-03', 1, 0, 0, 0, '0000-00-00 00:00:00', '0000-00-00 00:00:00'),
																																																				(217, 20, 'MESA DE TRABAJO', 'PP-04', 'PP-04', 1, 0, 0, 0, '0000-00-00 00:00:00', '0000-00-00 00:00:00'),
																																																				(218, 20, 'MESA DE TRABAJO', 'PP-05', 'PP-05', 1, 0, 0, 0, '0000-00-00 00:00:00', '0000-00-00 00:00:00'),
																																																				(219, 20, 'MESA DE TRABAJO', 'PP-01', 'PP-01', 1, 0, 0, 0, '0000-00-00 00:00:00', '0000-00-00 00:00:00'),
																																																				(220, 20, 'MESA DE TRABAJO', 'PP-02', 'PP-02', 1, 0, 0, 0, '0000-00-00 00:00:00', '0000-00-00 00:00:00'),
																																																				(221, 20, 'MESA DE TRABAJO', 'PP-07', 'PP-07', 1, 0, 0, 0, '0000-00-00 00:00:00', '0000-00-00 00:00:00'),
																																																				(222, 20, 'MESA DE TRABAJO', 'PP-08', 'PP-08', 1, 0, 0, 0, '0000-00-00 00:00:00', '0000-00-00 00:00:00'),
																																																				(223, 20, 'MESA DE TRABAJO', 'PP-06', 'PP-06', 1, 0, 0, 0, '0000-00-00 00:00:00', '0000-00-00 00:00:00'),
																																																				(224, 20, 'USO-10', 'USO-10', 'USO-10', 1, 0, 0, 0, '0000-00-00 00:00:00', '0000-00-00 00:00:00'),
																																																				(225, 20, 'USO-06', 'USO-06', 'USO-06', 1, 0, 0, 0, '0000-00-00 00:00:00', '0000-00-00 00:00:00'),
																																																				(226, 20, 'BOY23', 'MA30-22089', 'BOY23', 1, 0, 0, 0, '0000-00-00 00:00:00', '0000-00-00 00:00:00'),
																																																				(227, 20, 'ACCU-CUT', 'P2-03', 'P2-03', 1, 0, 0, 0, '0000-00-00 00:00:00', '2021-11-30 23:47:36'),
																																																				(228, 20, 'DEVICE', 'DTM01', 'DTM01', 1, 0, 0, 0, '0000-00-00 00:00:00', '0000-00-00 00:00:00'),
																																																				(229, 20, 'TIPPMAN PRESS', 'PB-09', 'PB-09', 1, 0, 0, 0, '0000-00-00 00:00:00', '0000-00-00 00:00:00'),
																																																				(230, 20, 'ALTMAN', 'ALTMAN-428-06', 'ALTMAN', 1, 0, 0, 0, '0000-00-00 00:00:00', '0000-00-00 00:00:00'),
																																																				(231, 20, 'MPN08', 'MPN 08/#28', 'MPN 08/#28', 1, 0, 0, 0, '0000-00-00 00:00:00', '0000-00-00 00:00:00'),
																																																				(232, 20, 'MPN01', 'MPN 01/#20', 'MPN 01/#20', 1, 0, 0, 0, '0000-00-00 00:00:00', '0000-00-00 00:00:00'),
																																																				(233, 20, 'MPN02', 'MPN 02/#27', 'MPN 02/#27', 1, 0, 0, 0, '0000-00-00 00:00:00', '0000-00-00 00:00:00'),
																																																				(234, 20, 'MPN06', 'MPN 06/#31', 'MPN 06/#31', 1, 0, 0, 0, '0000-00-00 00:00:00', '0000-00-00 00:00:00'),
																																																				(235, 20, 'MPN03', 'MPN 03/#34', 'MPN 03/#34', 1, 0, 0, 0, '0000-00-00 00:00:00', '0000-00-00 00:00:00'),
																																																				(236, 20, 'MPN04', 'MPN 04/#33', 'MPN 04/#33', 1, 0, 0, 0, '0000-00-00 00:00:00', '0000-00-00 00:00:00'),
																																																				(237, 20, 'MPN05', 'MPN 05/#32', 'MPN 05/#32', 1, 0, 0, 0, '0000-00-00 00:00:00', '0000-00-00 00:00:00'),
																																																				(238, 20, 'MPN09', 'MPN 09 /#21', 'MPN 09 /#21', 1, 0, 0, 0, '0000-00-00 00:00:00', '0000-00-00 00:00:00'),
																																																				(239, 20, 'SMP13', 'SMP 13/#13', 'SMP 13/#13', 1, 0, 0, 0, '0000-00-00 00:00:00', '0000-00-00 00:00:00'),
																																																				(240, 20, 'TPR02', 'TPR 02/#12', 'TPR 02/#12', 1, 0, 0, 0, '0000-00-00 00:00:00', '0000-00-00 00:00:00'),
																																																				(241, 20, 'TPR01', 'TPR 01/#16', 'TPR 01/#16', 1, 0, 0, 0, '0000-00-00 00:00:00', '0000-00-00 00:00:00'),
																																																				(242, 20, 'CRYO', 'CRYO', 'CRYO', 1, 0, 0, 0, '0000-00-00 00:00:00', '0000-00-00 00:00:00'),
																																																				(243, 20, 'SD-01', 'SD-01', 'SD-01', 1, 0, 0, 0, '0000-00-00 00:00:00', '0000-00-00 00:00:00'),
																																																				(244, 20, 'SD-02', 'SD-02', 'SD-02', 1, 0, 0, 0, '0000-00-00 00:00:00', '0000-00-00 00:00:00'),
																																																				(245, 20, 'SD-03', 'SD-03', 'SD-03', 1, 0, 0, 0, '0000-00-00 00:00:00', '0000-00-00 00:00:00'),
																																																				(246, 20, 'SD-04', 'SD-04', 'SD-04', 1, 0, 0, 0, '0000-00-00 00:00:00', '0000-00-00 00:00:00'),
																																																				(247, 20, 'SD-05', 'SD-05', 'SD-05', 1, 0, 0, 0, '0000-00-00 00:00:00', '0000-00-00 00:00:00'),
																																																				(248, 20, 'LASER-17001', 'LASER-17001', 'LASER-17001', 1, 0, 0, 0, '0000-00-00 00:00:00', '0000-00-00 00:00:00'),
																																																				(249, 20, 'PRINTEX', 'AERO-008', 'AERO-008', 1, 0, 0, 0, '0000-00-00 00:00:00', '0000-00-00 00:00:00'),
																																																				(250, 20, 'OVEN-MJ111F7 ', 'OVEN-MJ111F7 ', 'OVEN-MJ111F7 ', 1, 0, 0, 0, '0000-00-00 00:00:00', '0000-00-00 00:00:00'),
																																																				(251, 20, 'TPR 03/#07.', 'TPR 03/#07.', 'TPR 03/#07.', 1, 0, 0, 0, '0000-00-00 00:00:00', '0000-00-00 00:00:00'),
																																																				(252, 20, 'EFD2415-02', 'EFD2415-02', 'EFD2415-02', 1, 0, 0, 0, '0000-00-00 00:00:00', '0000-00-00 00:00:00'),
																																																				(253, 20, 'HMS-9211 (HONING MACHINE SYSTEM)', 'HMS-9211', 'HMS-9211', 1, 0, 0, 0, '0000-00-00 00:00:00', '0000-00-00 00:00:00'),
																																																				(254, 20, 'SLITTING UNIT', 'SU-9099', 'SLIT2', 1, 0, 0, 0, '0000-00-00 00:00:00', '0000-00-00 00:00:00'),
																																																				(255, 20, 'BOY33', 'MA30-41544', 'BOY33', 1, 0, 0, 0, '0000-00-00 00:00:00', '0000-00-00 00:00:00'),
																																																				(256, 20, 'EMBOBINADORA DE TUBO DE SILICON (SPOOLER)', 'MTS-96', 'POINT MEDIC', 1, 0, 0, 0, '0000-00-00 00:00:00', '0000-00-00 00:00:00'),
																																																				(257, 20, 'EXT05', 'EXT05', 'WEXTR', 1, 0, 0, 0, '0000-00-00 00:00:00', '0000-00-00 00:00:00'),
																																																				(258, 20, 'SMALL HYDRAULIC 2.5\" RAM EXTRUDER', 'SMRE-5436', 'SMRE-5436', 1, 0, 0, 0, '0000-00-00 00:00:00', '0000-00-00 00:00:00'),
																																																				(259, 20, 'VENTREX GD-1101', 'GD-1101', 'L14-04', 1, 0, 0, 0, '0000-00-00 00:00:00', '0000-00-00 00:00:00'),
																																																				(260, 20, 'VENTREX GD-1160', 'GD-1160', 'L13-05', 1, 0, 0, 0, '0000-00-00 00:00:00', '0000-00-00 00:00:00'),
																																																				(261, 20, ' VENTREX GD-3204', 'GD-3204', ' PENDIENTE', 1, 0, 0, 0, '0000-00-00 00:00:00', '0000-00-00 00:00:00'),
																																																				(262, 20, 'D10045-A1 MICRO DRILL (CAMERON) RALMIKE', 'D10045-A1', 'TOOL CRIB  ', 1, 0, 0, 0, '0000-00-00 00:00:00', '0000-00-00 00:00:00'),
																																																				(263, 20, 'D10045-B1 MICRO DRILL (CAMERON) RALMIKE', 'D10045-B1', 'L1308', 1, 0, 0, 0, '0000-00-00 00:00:00', '0000-00-00 00:00:00'),
																																																				(264, 20, 'MILLING MACHINE', 'MILL-5434', 'WMILL', 1, 0, 0, 0, '0000-00-00 00:00:00', '0000-00-00 00:00:00'),
																																																				(265, 20, 'BOY33', 'BOY33', 'BOY33', 1, 0, 0, 0, '0000-00-00 00:00:00', '0000-00-00 00:00:00'),
																																																				(266, 20, 'BOY34', 'BOY34', 'BOY34', 1, 0, 0, 0, '0000-00-00 00:00:00', '0000-00-00 00:00:00'),
																																																				(267, 20, 'RWS00S-C3', 'RWS00S-C3', 'RWS00S-C3', 1, 0, 0, 0, '0000-00-00 00:00:00', '0000-00-00 00:00:00'),
																																																				(268, 20, 'F15852-C3', 'F15852-C3', 'F15852-C3', 1, 0, 0, 0, '0000-00-00 00:00:00', '0000-00-00 00:00:00'),
																																																				(269, 20, 'LASER MACHINE VL-150', 'LASER MACHINE VL-150', 'LASER MACHINE VL-150', 1, 0, 0, 0, '0000-00-00 00:00:00', '0000-00-00 00:00:00'),
																																																				(270, 20, 'BOY34', 'MA30-41583', 'BOY 34', 1, 0, 0, 0, '0000-00-00 00:00:00', '0000-00-00 00:00:00'),
																																																				(271, 20, 'BOY35', 'MA30-41592', 'BOY 35', 1, 0, 0, 0, '0000-00-00 00:00:00', '0000-00-00 00:00:00'),
																																																				(272, 20, 'BOY36', 'MA30-41600', 'BOY 36', 1, 0, 0, 0, '0000-00-00 00:00:00', '0000-00-00 00:00:00'),
																																																				(273, 20, 'TOYO07', 'TOYO07', 'TOYO07', 1, 0, 0, 0, '0000-00-00 00:00:00', '0000-00-00 00:00:00'),
																																																				(274, 20, 'USON-USO-11', 'USON-USO-11', 'USON-USO-11', 1, 0, 0, 0, '0000-00-00 00:00:00', '0000-00-00 00:00:00'),
																																																				(276, 14, 'Piccs', 'Piccs', 'Piccs', 0, 0, 0, 0, NULL, NULL),
																																																				(277, 13, 'Dilators', 'Dilators', 'Dilators', 0, 0, 0, 0, NULL, NULL),
																																																				(278, 13, 'Dilators', 'Dilators', 'Dilators', 0, 0, 0, 0, NULL, NULL),
																																																				(279, 13, 'Dilators', 'Dilators', 'Dilators', 0, 0, 0, 0, NULL, NULL),
																																																				(280, 13, 'Dilators', 'Dilators', 'Dilators', 0, 0, 0, 0, NULL, NULL),
																																																				(281, 13, 'Dilators', 'Dilators', 'Dilators', 0, 0, 0, 0, NULL, NULL),
																																																				(282, 8, '8', '8', '8', 1, 1, 0, 0, NULL, NULL),
																																																				(283, 11, 'Tip007', 't007', 'Ass01', 1, 1, 0, 1, '2022-03-24 22:21:31', '2022-03-24 22:21:31'),
																																																				(284, 11, 'Tip008', 'assembly', 'Asset008', 1, 0, 1, 0, '2022-03-24 22:22:41', '2022-03-24 22:22:41');

-- --------------------------------------------------------

--
-- Table structure for table `plants`
--

CREATE TABLE `plants` (
						  `plant_id` int(11) NOT NULL,
						  `plant_name` varchar(45) COLLATE utf8mb4_spanish_ci NOT NULL,
						  `plant_use_password` tinyint(1) DEFAULT NULL,
						  `plant_password` varchar(255) COLLATE utf8mb4_spanish_ci NOT NULL,
						  `plant_active` tinyint(1) DEFAULT NULL,
						  `created_at` datetime DEFAULT NULL,
						  `updated_at` datetime DEFAULT NULL
) ENGINE=InnoDB DEFAULT CHARSET=utf8mb4 COLLATE=utf8mb4_spanish_ci;

--
-- Dumping data for table `plants`
--

INSERT INTO `plants` (`plant_id`, `plant_name`, `plant_use_password`, `plant_password`, `plant_active`, `created_at`, `updated_at`) VALUES
																																		(6, 'Moldeo', 1, 'planta1', 1, '2021-11-01 16:29:47', '2021-11-01 23:29:47'),
																																		(7, 'Ensamble', 1, 'planta2', 1, '2021-11-01 16:34:41', '2021-11-01 23:34:41'),
																																		(8, 'Planta 3 ', 1, 'planta3', 1, '2021-11-01 16:36:07', '2021-11-01 23:36:07');

-- --------------------------------------------------------

--
-- Table structure for table `plan_by_hours`
--

CREATE TABLE `plan_by_hours` (
								 `plan_by_hour_id` int(11) NOT NULL,
								 `plan_id` int(11) NOT NULL,
								 `time` time NOT NULL,
								 `planned` int(11) DEFAULT NULL,
								 `planned_head_cout` int(11) DEFAULT NULL,
								 `workorder` varchar(45) COLLATE utf8mb4_spanish_ci DEFAULT NULL,
								 `part_number` varchar(45) COLLATE utf8mb4_spanish_ci DEFAULT NULL,
								 `completed` int(11) DEFAULT NULL,
								 `created_at` datetime DEFAULT NULL,
								 `updated_at` datetime DEFAULT NULL
) ENGINE=InnoDB DEFAULT CHARSET=utf8mb4 COLLATE=utf8mb4_spanish_ci;

-- --------------------------------------------------------

--
-- Table structure for table `production_plans`
--

CREATE TABLE `production_plans` (
									`plan_id` int(11) NOT NULL,
									`asset_id` int(11) NOT NULL,
									`date` datetime NOT NULL,
									`shift_id` int(11) DEFAULT NULL,
									`supervisor_id` int(11) DEFAULT NULL,
									`created_at` datetime DEFAULT NULL,
									`updated_at` datetime DEFAULT NULL
) ENGINE=InnoDB DEFAULT CHARSET=utf8mb4 COLLATE=utf8mb4_spanish_ci;

-- --------------------------------------------------------

--
-- Table structure for table `shifts`
--

CREATE TABLE `shifts` (
						  `shift_id` int(11) NOT NULL,
						  `shift_name` varchar(45) COLLATE utf8mb4_spanish_ci NOT NULL,
						  `shift_start_time` time DEFAULT NULL,
						  `shift_end_time` time DEFAULT NULL
) ENGINE=InnoDB DEFAULT CHARSET=utf8mb4 COLLATE=utf8mb4_spanish_ci;

-- --------------------------------------------------------

--
-- Table structure for table `sites`
--

CREATE TABLE `sites` (
						 `site_id` int(11) NOT NULL,
						 `site_name` varchar(45) COLLATE utf8mb4_spanish_ci NOT NULL,
						 `plant_id` int(11) NOT NULL,
						 `created_at` datetime DEFAULT NULL,
						 `updated_at` datetime DEFAULT NULL
) ENGINE=InnoDB DEFAULT CHARSET=utf8mb4 COLLATE=utf8mb4_spanish_ci;

--
-- Dumping data for table `sites`
--

INSERT INTO `sites` (`site_id`, `site_name`, `plant_id`, `created_at`, `updated_at`) VALUES
																						 (8, 'Moldeo', 6, NULL, NULL),
																						 (9, 'CVC', 6, NULL, NULL),
																						 (10, 'Tipping', 6, NULL, NULL),
																						 (11, 'Short Term', 7, NULL, NULL),
																						 (12, 'Long Term', 7, NULL, NULL),
																						 (13, 'Dilators', 7, NULL, NULL),
																						 (14, 'Piccs', 7, NULL, NULL),
																						 (15, 'Gyrus', 7, NULL, NULL),
																						 (16, 'Sipper', 7, NULL, NULL),
																						 (17, 'ID Ring', 7, NULL, NULL),
																						 (18, 'Extrusion Silicon', 8, NULL, NULL),
																						 (19, 'Toyos', 8, NULL, NULL),
																						 (20, 'Planta 3', 8, NULL, NULL);

--
-- Indexes for dumped tables
--

--
-- Indexes for table `assets`
--
ALTER TABLE `assets`
	ADD PRIMARY KEY (`asset_id`),
	ADD KEY `fk_assets_site_id_sites_site_id_idx` (`site_id`);

--
-- Indexes for table `plants`
--
ALTER TABLE `plants`
	ADD PRIMARY KEY (`plant_id`),
	ADD UNIQUE KEY `index_unique_plant_name` (`plant_name`);

--
-- Indexes for table `plan_by_hours`
--
ALTER TABLE `plan_by_hours`
	ADD PRIMARY KEY (`plan_by_hour_id`),
	ADD KEY `fk_production_plan_plan_id_plan_by_hour_idx` (`plan_id`);

--
-- Indexes for table `production_plans`
--
ALTER TABLE `production_plans`
	ADD PRIMARY KEY (`plan_id`),
	ADD KEY `fk_production_plan_asset_id_assets_asset_id_idx` (`asset_id`),
	ADD KEY `fk_production_plans_shift_id_shifts_shift_id_idx` (`shift_id`);

--
-- Indexes for table `shifts`
--
ALTER TABLE `shifts`
	ADD PRIMARY KEY (`shift_id`);

--
-- Indexes for table `sites`
--
ALTER TABLE `sites`
	ADD PRIMARY KEY (`site_id`),
	ADD UNIQUE KEY `unique_index_site_name` (`site_name`),
	ADD KEY `fk_sites_plant_id_plants_plant_id_idx` (`plant_id`);

--
-- AUTO_INCREMENT for dumped tables
--

--
-- AUTO_INCREMENT for table `assets`
--
ALTER TABLE `assets`
	MODIFY `asset_id` int(11) NOT NULL AUTO_INCREMENT, AUTO_INCREMENT=285;

--
-- AUTO_INCREMENT for table `plants`
--
ALTER TABLE `plants`
	MODIFY `plant_id` int(11) NOT NULL AUTO_INCREMENT, AUTO_INCREMENT=9;

--
-- AUTO_INCREMENT for table `plan_by_hours`
--
ALTER TABLE `plan_by_hours`
	MODIFY `plan_by_hour_id` int(11) NOT NULL AUTO_INCREMENT;

--
-- AUTO_INCREMENT for table `production_plans`
--
ALTER TABLE `production_plans`
	MODIFY `plan_id` int(11) NOT NULL AUTO_INCREMENT;

--
-- AUTO_INCREMENT for table `shifts`
--
ALTER TABLE `shifts`
	MODIFY `shift_id` int(11) NOT NULL AUTO_INCREMENT;

--
-- AUTO_INCREMENT for table `sites`
--
ALTER TABLE `sites`
	MODIFY `site_id` int(11) NOT NULL AUTO_INCREMENT, AUTO_INCREMENT=21;

--
-- Constraints for dumped tables
--

--
-- Constraints for table `assets`
--
ALTER TABLE `assets`
	ADD CONSTRAINT `fk_assets_site_id_sites_site_id` FOREIGN KEY (`site_id`) REFERENCES `sites` (`site_id`) ON DELETE NO ACTION ON UPDATE NO ACTION;

--
-- Constraints for table `plan_by_hours`
--
ALTER TABLE `plan_by_hours`
	ADD CONSTRAINT `fk_production_plan_plan_id_plan_by_hour` FOREIGN KEY (`plan_id`) REFERENCES `production_plans` (`plan_id`) ON DELETE NO ACTION ON UPDATE NO ACTION;

--
-- Constraints for table `production_plans`
--
ALTER TABLE `production_plans`
	ADD CONSTRAINT `fk_production_plan_asset_id_assets_asset_id` FOREIGN KEY (`asset_id`) REFERENCES `assets` (`asset_id`) ON DELETE NO ACTION ON UPDATE NO ACTION,
	ADD CONSTRAINT `fk_production_plans_shift_id_shifts_shift_id` FOREIGN KEY (`shift_id`) REFERENCES `shifts` (`shift_id`) ON DELETE NO ACTION ON UPDATE NO ACTION;

--
-- Constraints for table `sites`
--
ALTER TABLE `sites`
	ADD CONSTRAINT `fk_sites_plant_id_plants_plant_id` FOREIGN KEY (`plant_id`) REFERENCES `plants` (`plant_id`) ON DELETE NO ACTION ON UPDATE NO ACTION;
COMMIT;

/*!40101 SET CHARACTER_SET_CLIENT=@OLD_CHARACTER_SET_CLIENT */;
/*!40101 SET CHARACTER_SET_RESULTS=@OLD_CHARACTER_SET_RESULTS */;
/*!40101 SET COLLATION_CONNECTION=@OLD_COLLATION_CONNECTION */;
